time,SEDI,leads,Nino34
1991-01-01,0.2953976061609056,9,0.49
1991-02-01,0.06833460376300433,9,0.32
1991-03-01,0.3108889112869898,9,0.03
1991-04-01,0.11116813312077685,9,0.19
1991-05-01,0.18459369656112454,9,0.26
1991-06-01,0.009724671228064431,9,0.52
1991-07-01,-0.2035366781055927,9,0.76
1991-08-01,-0.26136950796677,9,0.68
1991-09-01,-0.0908398280541102,9,0.42
1991-10-01,-0.04651616441292895,9,0.86
1991-11-01,0.02251821011304854,9,1.2
1991-12-01,0.3712321900659137,9,1.69
1992-01-01,0.40476757619116044,9,1.84
1992-02-01,0.5133751763237847,9,1.78
1992-03-01,0.3682869209183587,9,1.38
1992-04-01,0.45096250043974984,9,1.2
1992-05-01,0.3154188692569732,9,1.04
1992-06-01,0.2346053438054191,9,0.58
1992-07-01,0.14543587471254998,9,0.22
1992-08-01,0.15844471255938208,9,0.05
1992-09-01,0.1771573883791764,9,-0.06
1992-10-01,0.2510467519362767,9,-0.3
1992-11-01,0.1046804781589243,9,-0.28
1992-12-01,0.2865342812405692,9,-0.15
1993-01-01,0.2277062485615412,9,0.14
1993-02-01,0.364130813214514,9,0.41
1993-03-01,-0.007213379049466676,9,0.39
1993-04-01,0.1323560552878512,9,0.59
1993-05-01,0.16816489977969062,9,0.78
1993-06-01,0.22235292692979172,9,0.35
1993-07-01,0.010717183351516732,9,0.23
1993-08-01,0.1264038015570905,9,0.13
1993-09-01,0.2359979467259513,9,0.35
1993-10-01,0.22709491186671787,9,0.06
1993-11-01,0.40418678522109985,9,0.0
1993-12-01,0.3518525958061218,9,0.16
1994-01-01,-0.1544534173380169,9,0.1
1994-02-01,-0.08847874858313134,9,0.06
1994-03-01,-0.08744325654374226,9,0.11
1994-04-01,0.25970947245756787,9,0.26
1994-05-01,0.10311555572681953,9,0.31
1994-06-01,0.2769728822426663,9,0.32
1994-07-01,0.1052824780344963,9,0.24
1994-08-01,0.13534199694792426,9,0.53
1994-09-01,0.07052086301620061,9,0.48
1994-10-01,-0.03832754492759703,9,0.75
1994-11-01,0.027182092288664222,9,1.11
1994-12-01,0.18588106665346354,9,1.25
1995-01-01,0.17715899128880766,9,1.02
1995-02-01,0.1208906109063213,9,0.73
1995-03-01,0.035323726841145056,9,0.46
1995-04-01,0.05100205377675593,9,0.28
1995-05-01,0.01922370058794816,9,-0.11
1995-06-01,0.1474243981970681,9,-0.14
1995-07-01,0.09948069850603736,9,-0.21
1995-08-01,0.08667366123861733,9,-0.63
1995-09-01,-0.06773879565298555,9,-0.84
1995-10-01,-0.03222552479969128,9,-0.88
1995-11-01,-0.008387875070588479,9,-1.1
1995-12-01,-0.09536488405946224,9,-0.95
1996-01-01,0.055187070535288915,9,-0.86
1996-02-01,0.041761900815698846,9,-0.86
1996-03-01,0.29055279327763445,9,-0.61
1996-04-01,0.28607683711581755,9,-0.47
1996-05-01,0.20321783920129138,9,-0.38
1996-06-01,0.14528660476207728,9,-0.44
1996-07-01,0.024010558774332613,9,-0.44
1996-08-01,-0.0107682881773346,9,-0.22
1996-09-01,0.1847524841626485,9,-0.45
1996-10-01,0.040205551518334284,9,-0.44
1996-11-01,0.08301078802388571,9,-0.41
1996-12-01,0.2105670124292373,9,-0.64
1997-01-01,0.17910695324341452,9,-0.53
1997-02-01,0.19318167782492102,9,-0.37
1997-03-01,0.18586932702196968,9,-0.25
1997-04-01,0.22648737662368346,9,0.16
1997-05-01,0.2595794989416997,9,0.64
1997-06-01,0.25380673362976974,9,1.09
1997-07-01,0.39256833576493794,9,1.56
1997-08-01,0.5174291479504771,9,1.89
1997-09-01,0.5807337657445006,9,2.13
1997-10-01,0.6859932343165079,9,2.36
1997-11-01,0.6560046076774597,9,2.41
1997-12-01,0.6323910421795316,9,2.29
1998-01-01,0.6582670741611056,9,2.38
1998-02-01,0.6031068828370836,9,2.03
1998-03-01,0.6328619321187338,9,1.34
1998-04-01,0.538540843460295,9,0.78
1998-05-01,0.4618945022424062,9,0.57
1998-06-01,0.32544220983982086,9,-0.39
1998-07-01,0.2856858885950512,9,-0.99
1998-08-01,0.3022776444753011,9,-1.28
1998-09-01,0.4126816789309184,9,-1.26
1998-10-01,0.41076965464486015,9,-1.46
1998-11-01,0.257053577237659,9,-1.46
1998-12-01,0.1829251266188091,9,-1.69
1999-01-01,0.15275663344396484,9,-1.69
1999-02-01,0.1366057255201869,9,-1.32
1999-03-01,0.07256464908520378,9,-0.95
1999-04-01,0.11916270914177095,9,-1.11
1999-05-01,0.06705131278269821,9,-1.15
1999-06-01,0.011770151193357177,9,-1.19
1999-07-01,0.21107869512504995,9,-1.17
1999-08-01,0.3492510285642412,9,-1.22
1999-09-01,-0.08026049700048232,9,-1.09
1999-10-01,0.0015884554013609901,9,-1.23
1999-11-01,0.018161802811341124,9,-1.58
1999-12-01,0.05420300343798265,9,-1.74
2000-01-01,0.11103843318091496,9,-1.77
2000-02-01,0.06827865696201721,9,-1.55
2000-03-01,0.1585166768895255,9,-0.98
2000-04-01,0.0644468886328266,9,-0.87
2000-05-01,0.047244029430051626,9,-0.86
2000-06-01,-0.09791562354399093,9,-0.79
2000-07-01,-0.07120922373400791,9,-0.67
2000-08-01,-0.0115502435300085,9,-0.49
2000-09-01,-0.05495894679592714,9,-0.52
2000-10-01,-0.04170558725794156,9,-0.7
2000-11-01,-0.0735899588714043,9,-0.79
2000-12-01,-0.23072093228499094,9,-0.92
2001-01-01,-0.28050072656737435,9,-0.73
2001-02-01,-0.19316112374265987,9,-0.63
2001-03-01,-0.07868591685675912,9,-0.48
2001-04-01,-0.0674337815079424,9,-0.49
2001-05-01,-0.1431415593768987,9,-0.34
2001-06-01,0.02403491518149771,9,-0.19
2001-07-01,-0.22120723542239928,9,-0.04
2001-08-01,-0.11790843116533423,9,-0.05
2001-09-01,-0.09693638566467497,9,-0.2
2001-10-01,-0.03388637842403514,9,-0.14
2001-11-01,0.02005210335159466,9,-0.37
2001-12-01,0.006680193978051369,9,-0.41
2002-01-01,0.1089950214502298,9,-0.15
2002-02-01,0.07202473696735172,9,-0.04
2002-03-01,0.23267243636978993,9,0.01
2002-04-01,0.10641988760067354,9,0.02
2002-05-01,-0.0007705994131457536,9,0.31
2002-06-01,-0.0912511157285836,9,0.72
2002-07-01,0.06886007333014467,9,0.74
2002-08-01,0.11170306160279998,9,0.87
2002-09-01,0.1583788184911174,9,1.09
2002-10-01,0.024844295065236537,9,1.25
2002-11-01,0.2640534564472466,9,1.47
2002-12-01,0.3149235192510376,9,1.37
2003-01-01,0.06378583402669269,9,0.6
2003-02-01,0.23069751523433032,9,0.64
2003-03-01,0.09459138834197518,9,0.36
2003-04-01,0.16496180814566683,9,-0.14
2003-05-01,-0.038231947566353536,9,-0.61
2003-06-01,0.1427074076295828,9,-0.29
2003-07-01,0.017172810647429676,9,0.21
2003-08-01,0.05054766260501406,9,0.26
2003-09-01,0.031047142705776624,9,0.27
2003-10-01,0.08978840336203572,9,0.42
2003-11-01,0.11441039294004435,9,0.33
2003-12-01,0.2026162114408281,9,0.43
2004-01-01,0.02272041920675999,9,0.27
2004-02-01,-0.16084871332471568,9,0.23
2004-03-01,0.040244366766677975,9,0.12
2004-04-01,-0.039080070435172955,9,0.07
2004-05-01,-0.038995950586265954,9,0.06
2004-06-01,0.2533535377846824,9,0.13
2004-07-01,0.18313814699649808,9,0.49
2004-08-01,-0.0599053094241147,9,0.76
2004-09-01,0.0190409996236364,9,0.81
2004-10-01,-0.11716276076104906,9,0.73
2004-11-01,-0.061867049377825487,9,0.66
2004-12-01,0.1620399877429008,9,0.74
2005-01-01,-0.004438076038948345,9,0.66
2005-02-01,-0.03619213278094923,9,0.36
2005-03-01,-0.0354082764436801,9,0.45
2005-04-01,0.05553159803255567,9,0.26
2005-05-01,0.2715572524401877,9,0.3
2005-06-01,0.18123831020461184,9,0.04
2005-07-01,0.2300901313622792,9,-0.23
2005-08-01,0.051522344350814826,9,-0.05
2005-09-01,-0.03655310610904255,9,-0.04
2005-10-01,-0.047177679008907715,9,-0.06
2005-11-01,-0.11958751392861207,9,-0.59
2005-12-01,-0.052278281603422384,9,-0.92
2006-01-01,-0.05170108646982244,9,-0.91
2006-02-01,0.02220881308635905,9,-0.67
2006-03-01,0.0018378467195564155,9,-0.71
2006-04-01,0.13205625843774108,9,-0.32
2006-05-01,0.05235974877400113,9,-0.09
2006-06-01,0.12491016648709768,9,0.0
2006-07-01,0.039007364720520035,9,0.01
2006-08-01,0.18696284045775727,9,0.31
2006-09-01,0.18523831086026293,9,0.6
2006-10-01,0.294359298215972,9,0.7
2006-11-01,0.12320986886819199,9,0.99
2006-12-01,0.252978133658568,9,1.14
2007-01-01,0.16208373465471793,9,0.7
2007-02-01,0.10149171099894574,9,0.13
2007-03-01,-0.06178399154709443,9,-0.18
2007-04-01,0.13130205103920564,9,-0.32
2007-05-01,0.046232360932562076,9,-0.47
2007-06-01,-0.16179342402352226,9,-0.35
2007-07-01,0.045903184140721934,9,-0.59
2007-08-01,0.057212694961991585,9,-0.72
2007-09-01,0.31464195085896385,9,-1.11
2007-10-01,-0.028144597179359868,9,-1.39
2007-11-01,-0.07938101018468537,9,-1.54
2007-12-01,-0.10489484253856868,9,-1.58
2008-01-01,-0.06999652832746504,9,-1.68
2008-02-01,-0.05969965954621629,9,-1.67
2008-03-01,0.07943342532962556,9,-1.21
2008-04-01,0.12512475319413674,9,-0.99
2008-05-01,0.16566337065564257,9,-0.84
2008-06-01,0.32830414341555697,9,-0.68
2008-07-01,0.3265462881988949,9,-0.3
2008-08-01,0.40924039151933456,9,-0.13
2008-09-01,0.11016098782420156,9,-0.25
2008-10-01,-0.2785688390334447,9,-0.35
2008-11-01,-0.23751853282252944,9,-0.46
2008-12-01,-0.06051553744408817,9,-0.86
2009-01-01,-0.0576904023894005,9,-0.89
2009-02-01,-0.05894441405932106,9,-0.79
2009-03-01,0.01870973822143346,9,-0.69
2009-04-01,0.10069994320575557,9,-0.35
2009-05-01,0.0669914964172575,9,0.06
2009-06-01,0.023372144645286922,9,0.31
2009-07-01,-0.010474835522472865,9,0.48
2009-08-01,0.14339258930865775,9,0.56
2009-09-01,0.43612895905971527,9,0.68
2009-10-01,0.3291150430838267,9,0.89
2009-11-01,0.3128241929743025,9,1.46
2009-12-01,0.48804452684190536,9,1.74
2010-01-01,0.39555488030115765,9,1.52
2010-02-01,0.23787899646494118,9,1.25
2010-03-01,0.3228116035461426,9,0.9
2010-04-01,0.32360733383231693,9,0.38
2010-05-01,0.32657834308014977,9,-0.22
2010-06-01,0.2004208428164323,9,-0.69
2010-07-01,0.2620440084073279,9,-1.07
2010-08-01,0.26709443082412077,9,-1.39
2010-09-01,0.21514399846394855,9,-1.6
2010-10-01,0.27030369225475526,9,-1.69
2010-11-01,0.3123167238405181,9,-1.64
2010-12-01,0.3334524099611574,9,-1.6
2011-01-01,0.2605549606184165,9,-1.54
2011-02-01,0.4824841188059913,9,-1.11
2011-03-01,0.4658607575628493,9,-0.93
2011-04-01,0.4407806462711758,9,-0.77
2011-05-01,0.31660356952084434,9,-0.52
2011-06-01,0.13467887716574797,9,-0.38
2011-07-01,0.15338465395487014,9,-0.43
2011-08-01,-0.007358917863004712,9,-0.65
2011-09-01,0.06032471400168207,9,-0.8
2011-10-01,0.056468472680232175,9,-1.05
2011-11-01,0.03748817599585491,9,-1.19
2011-12-01,0.07752042243050206,9,-1.06
2012-01-01,0.198670004416878,9,-0.87
2012-02-01,0.09807563386857505,9,-0.67
2012-03-01,0.12969583583374814,9,-0.61
2012-04-01,0.04395609462840691,9,-0.5
2012-05-01,0.18109570112493298,9,-0.32
2012-06-01,-0.01695555947824485,9,0.02
2012-07-01,0.10982209247433478,9,0.25
2012-08-01,-0.023469175315565527,9,0.47
2012-09-01,-0.0685304875175158,9,0.38
2012-10-01,-0.05646019139223627,9,0.26
2012-11-01,-0.10987077653408049,9,0.16
2012-12-01,-0.11445687856111261,9,-0.25
2013-01-01,0.20746372399541235,9,-0.53
2013-02-01,0.13090097469588116,9,-0.52
2013-03-01,-0.012457662572463323,9,-0.25
2013-04-01,0.07495440563393964,9,-0.25
2013-05-01,0.13742770885841712,9,-0.4
2013-06-01,0.06122759108742077,9,-0.42
2013-07-01,0.13284439971256584,9,-0.39
2013-08-01,-0.1142929471615288,9,-0.38
2013-09-01,-0.19490186373392737,9,-0.18
2013-10-01,-0.03670718158698742,9,-0.2
2013-11-01,-0.005871206211547032,9,-0.14
2013-12-01,0.059136449048916476,9,-0.17
2014-01-01,-0.10403356152690117,9,-0.49
2014-02-01,-0.04106770911150509,9,-0.62
2014-03-01,-0.04529269888169232,9,-0.28
2014-04-01,0.05501380811134977,9,0.08
2014-05-01,0.1803881515127917,9,0.32
2014-06-01,0.3742617633607652,9,0.23
2014-07-01,0.3766331291861004,9,-0.06
2014-08-01,0.2160652255018552,9,-0.03
2014-09-01,0.11986422342144776,9,0.29
2014-10-01,0.12878976969255337,9,0.44
2014-11-01,0.15421230915106002,9,0.75
2014-12-01,-0.05612592637124988,9,0.71
2015-01-01,-0.022024339944538122,9,0.51
2015-02-01,0.08722934082874821,9,0.42
2015-03-01,0.17622060269059148,9,0.47
2015-04-01,0.2681022710684273,9,0.7
2015-05-01,0.39659839040703243,9,0.92
2015-06-01,0.500491095913781,9,1.18
2015-07-01,0.46536023418108624,9,1.46
2015-08-01,0.4985402756267124,9,1.93
2015-09-01,0.5506669051117368,9,2.21
2015-10-01,0.5128439168135325,9,2.36
2015-11-01,0.5825890600681305,9,2.72
2015-12-01,0.5357133679919772,9,2.66
2016-01-01,0.5686825149589114,9,2.57
2016-02-01,0.5333129101329379,9,2.26
2016-03-01,0.4767666889561547,9,1.62
2016-04-01,0.4748102244403627,9,0.91
2016-05-01,0.4102593759695689,9,0.3
2016-06-01,0.3877773309747378,9,-0.03
2016-07-01,0.3236861576636632,9,-0.48
2016-08-01,0.3510295003652572,9,-0.58
2016-09-01,0.28521395060751176,9,-0.58
2016-10-01,0.20546656433078975,9,-0.74
2016-11-01,0.26697952631447047,9,-0.76
2016-12-01,0.21707037215431527,9,-0.5
2017-01-01,0.1649770005088713,9,-0.43
2017-02-01,0.25876312868462664,9,-0.08
2017-03-01,0.24460211230648887,9,0.03
2017-04-01,0.25796860125329757,9,0.22
2017-05-01,0.2075412049889564,9,0.37
2017-06-01,0.1730293391479386,9,0.34
2017-07-01,0.09343030903902316,9,0.25
2017-08-01,0.2034595645964145,9,-0.16
2017-09-01,0.11245459250898825,9,-0.43
2017-10-01,0.10773991979658604,9,-0.56
2017-11-01,0.16185118216607305,9,-0.97
2017-12-01,0.09341580358644325,9,-0.98
2018-01-01,0.1820326062540213,9,-0.98
2018-02-01,0.25563502808411914,9,-0.78
2018-03-01,0.29992447627915275,9,-0.8
2018-04-01,0.4213636997673247,9,-0.51
2018-05-01,0.3453411203291681,9,-0.2
2018-06-01,0.2685860217445426,9,0.04
2018-07-01,0.35306909845934975,9,0.12
2018-08-01,0.2835760919584168,9,0.09
2018-09-01,0.2605753629985783,9,0.47
2018-10-01,0.28540754359629417,9,0.9
2018-11-01,0.1534822413490878,9,0.9
2018-12-01,0.07661802404456666,9,0.89
2019-01-01,-0.004672266025510087,9,0.65
2019-02-01,0.10739950256215197,9,0.71
2019-03-01,0.16680268322428066,9,0.81
2019-04-01,0.2752218704360227,9,0.62
2019-05-01,0.32590539091163206,9,0.55
2019-06-01,0.2752678996572892,9,0.45
2019-07-01,0.2494655731651518,9,0.35
2019-08-01,0.2725067308379544,9,0.04
2019-09-01,0.26650615802241695,9,0.03
2019-10-01,0.2561253209908803,9,0.48
2019-11-01,0.26624828577041626,9,0.52
2019-12-01,0.3266902075976961,9,0.52
2020-01-01,0.31928329376710785,9,0.6
2020-02-01,0.2640446585913499,9,0.37
2020-03-01,0.244689582950539,9,0.48
2020-04-01,0.2410949534840054,9,0.36
2020-05-01,0.2677003354248073,9,-0.27
2020-06-01,0.27284652553498745,9,-0.34
2020-07-01,0.27727235646711457,9,-0.3
2020-08-01,0.20505731097526017,9,-0.59
2020-09-01,0.18596752981344855,9,-0.83
2020-10-01,0.1889304377966457,9,-1.26
2020-11-01,0.14352312435706457,9,-1.42
2020-12-01,0.07751638086564422,9,-1.15
2021-01-01,0.15004796070732276,9,-1.0
2021-02-01,0.08590922877192496,9,-1.0
2021-03-01,0.17250000209444097,9,-0.8
2021-04-01,0.12174988641507094,9,-0.72
2021-05-01,0.1467102045814196,9,-0.46
2021-06-01,0.16158450643221534,9,-0.28
2021-07-01,0.23990210311280352,9,-0.39
2021-08-01,0.2316029344995816,9,-0.53
2021-09-01,0.055365396676481556,9,-0.55
2021-10-01,0.16112791664070547,9,-0.94
2021-11-01,0.22065451410081646,9,-0.94
2021-12-01,0.24046520060963095,9,-1.06
2022-01-01,0.22128495698173836,9,-0.94
2022-02-01,0.33298316432370073,9,-0.89
2022-03-01,0.3428306049770779,9,-0.97
2022-04-01,0.2752705017725626,9,-1.11
2022-05-01,0.30713513162400985,9,-1.11
2022-06-01,0.22651817158071527,9,-0.75
2022-07-01,0.19938240614202285,9,-0.69
2022-08-01,0.12917720692025286,9,-0.97
2022-09-01,0.13903753728502322,9,-1.07
2022-10-01,0.22002033889293665,9,-0.99
2022-11-01,0.31461747984091437,9,-0.9
2022-12-01,0.3367617163393233,9,-0.85
2023-01-01,0.34381288124455345,9,-0.72
2023-02-01,0.3258185949590471,9,-0.46
2023-03-01,0.27672668132517075,9,-0.11
2023-04-01,0.1999728596872753,9,0.14
2023-05-01,0.16618060900105366,9,0.46
2023-06-01,0.09416857858498888,9,0.84
2023-07-01,0.09332397952675814,9,1.02
2023-08-01,0.02253082146247227,9,1.35
2023-09-01,0.03234865547468264,9,1.6
2023-10-01,0.0232571880850527,9,1.72
2023-11-01,0.2129829114096032,9,2.02
2023-12-01,0.3104826973544227,9,2.03
2024-01-01,0.30686471362908674,9,1.81
2024-02-01,0.263309888748659,9,1.52
2024-03-01,0.22714304168605143,9,1.13
2024-04-01,0.2513393418242534,9,0.77
2024-05-01,0.3428480426470438,9,0.23
2024-06-01,0.23345211479398933,9,0.17
2024-07-01,0.20919938178526026,9,0.04
2024-08-01,0.08963145357039236,9,-0.12
